<?xml version="1.0" encoding="UTF-8"?>
<keywords>
   <keywords>
      <text FeatureID="-1">update software</text>
      <target FeatureID="-1" href="SWUPDATE_HLP_MAIN.html">Software update</target>
   </keywords>
   <keywords>
      <text FeatureID="-1">software update</text>
      <target FeatureID="-1" href="SWUPDATE_HLP_MAIN.html">Software update</target>
   </keywords>
   <keywords>
      <text FeatureID="-1">software update settings</text>
      <target FeatureID="-1" href="SWUPDATE_HLP_SETTINGS.html">Software update settings</target>
   </keywords>
</keywords>